-- party types
INSERT INTO PARTY_TYPE(party_type_cd, party_type_desc) VALUES('DB', 'BUSINESS DEBTOR');
INSERT INTO PARTY_TYPE(party_type_cd, party_type_desc) VALUES('DI', 'INDIVIDUAL DEBTOR');
INSERT INTO PARTY_TYPE(party_type_cd, party_type_desc) VALUES('RG', 'REGISTERING PARTY');
INSERT INTO PARTY_TYPE(party_type_cd, party_type_desc) VALUES('SP', 'SECURED PARTY');

-- registration class types
INSERT INTO registration_type_class(REGISTRATION_TYPE_CL, REGISTRATION_DESC)
   VALUES('PPSALIEN', 'NEW REGISTRATION FILED UNDER THE PPSA SECURITY ACT')
;
INSERT INTO registration_type_class(REGISTRATION_TYPE_CL, REGISTRATION_DESC)
   VALUES('MISCLIEN', 'NEW REGISTRATION FILED UNDER MISCELLANEOUS REGISTRATIONS ACT')
;
INSERT INTO registration_type_class(REGISTRATION_TYPE_CL, REGISTRATION_DESC)
   VALUES('CROWNLIEN', 'NEW REGISTRATION FILED UNDER MISCELLANEOUS REGISTRATIONS ACT AS A CROWN CHARGE')
;
INSERT INTO registration_type_class(REGISTRATION_TYPE_CL, REGISTRATION_DESC)
   VALUES('AMENDMENT', 'AMENDMENT REGISTRATION FILED UNDER THE PPSA SECURITY ACT')
;
INSERT INTO registration_type_class(REGISTRATION_TYPE_CL, REGISTRATION_DESC)
   VALUES('COURTORDER', 'COURT ORDERED AMENDMENT FILED UNDER THE PPSA SECURITY ACT')
;
INSERT INTO registration_type_class(REGISTRATION_TYPE_CL, REGISTRATION_DESC)
   VALUES('CHANGE',	'CHANGE REGISTRATION  FILED UNDER THE PPSA SECURITY ACT')
;
INSERT INTO registration_type_class(REGISTRATION_TYPE_CL, REGISTRATION_DESC)
   VALUES('RENEWAL', 'RENEWAL REGISTRATION  FILED UNDER THE PPSA SECURITY ACT')
;
INSERT INTO registration_type_class(REGISTRATION_TYPE_CL, REGISTRATION_DESC)
   VALUES('DISCHARGE', 'TOTAL DISCHARE REGISTRATION FILED UNDER THE PPSA SECURITY ACT')
;

-- Registration type codes
INSERT INTO REGISTRATION_TYPE(REGISTRATION_TYPE_CL, registration_type_cd, REGISTRATION_ACT, registration_desc)
  VALUES('PPSALIEN','SA','PPSA SECURITY ACT','PPSA SECURITY AGREEMENT');
INSERT INTO REGISTRATION_TYPE(REGISTRATION_TYPE_CL, registration_type_cd, REGISTRATION_ACT, registration_desc)
  VALUES('PPSALIEN','SG','SALE OF GOODS ACT, S.30','POSSESSION UNDER S.30 OF THE SALE OF GOODS ACT');
INSERT INTO REGISTRATION_TYPE(REGISTRATION_TYPE_CL, registration_type_cd, REGISTRATION_ACT, registration_desc)
  VALUES('PPSALIEN','RL','REPAIRERS LIEN ACT','REPAIRER''S LIEN');
INSERT INTO REGISTRATION_TYPE(REGISTRATION_TYPE_CL, registration_type_cd, REGISTRATION_ACT, registration_desc)
  VALUES('PPSALIEN','FR','FAMILY LAW ACT','MARRIAGE/SEPARATION AGREEMENT AFFECTING MANUFACTURED HOME');
INSERT INTO REGISTRATION_TYPE(REGISTRATION_TYPE_CL, registration_type_cd, REGISTRATION_ACT, registration_desc)
  VALUES('PPSALIEN','LT','LAND TAX DEFERMENT ACT','LAND TAX DEFERMENT LIEN ON A MANUFACTURED HOME');
INSERT INTO REGISTRATION_TYPE(REGISTRATION_TYPE_CL, registration_type_cd, REGISTRATION_ACT, registration_desc)
  VALUES('PPSALIEN','MH','MANUFACTURED HOME ACT, S.27/28','TAX LIEN UNDER S.27/28 OF THE MANUFACTURED HOME ACT');
INSERT INTO REGISTRATION_TYPE(REGISTRATION_TYPE_CL, registration_type_cd, REGISTRATION_ACT, registration_desc)
  VALUES('PPSALIEN','FL','FORESTRY - CONTRACTOR LIEN','FORESTRY - CONTRACTOR LIEN');
INSERT INTO REGISTRATION_TYPE(REGISTRATION_TYPE_CL, registration_type_cd, REGISTRATION_ACT, registration_desc)
  VALUES('PPSALIEN', 'FA','FORESTRY - CONTRACTOR CHARGE','FORESTRY - CONTRACTOR CHARGE');
INSERT INTO REGISTRATION_TYPE(REGISTRATION_TYPE_CL, registration_type_cd, REGISTRATION_ACT, registration_desc)
  VALUES('PPSALIEN','FS', 'FORESTRY - SUB-CONTRACTOR CHARGE','FORESTRY - SUB-CONTRACTOR CHARGE');

INSERT INTO REGISTRATION_TYPE(REGISTRATION_TYPE_CL, registration_type_cd, REGISTRATION_ACT, registration_desc)
  VALUES('AMENDMENT','AM','PPSA SECURITY ACT','AMENDMENT/OTHER CHANGE');
INSERT INTO REGISTRATION_TYPE(REGISTRATION_TYPE_CL, registration_type_cd, REGISTRATION_ACT, registration_desc)
  VALUES('COURTORDER','CO','PPSA SECURITY ACT','COURT ORDER');
INSERT INTO REGISTRATION_TYPE(REGISTRATION_TYPE_CL, registration_type_cd, REGISTRATION_ACT, registration_desc)
  VALUES('CHANGE','AC','PPSA SECURITY ACT','ADDITION OF COLLATERAL/PROCEEDS');
INSERT INTO REGISTRATION_TYPE(REGISTRATION_TYPE_CL, registration_type_cd, REGISTRATION_ACT, registration_desc)
  VALUES('CHANGE','DR','PPSA SECURITY ACT','DEBTOR RELEASE');
INSERT INTO REGISTRATION_TYPE(REGISTRATION_TYPE_CL, registration_type_cd, REGISTRATION_ACT, registration_desc)
  VALUES('CHANGE','DT','PPSA SECURITY ACT','DEBTOR TRANSFER');
INSERT INTO REGISTRATION_TYPE(REGISTRATION_TYPE_CL, registration_type_cd, REGISTRATION_ACT, registration_desc)
  VALUES('CHANGE','PD','PPSA SECURITY ACT','PARTIAL DISCHARGE');
INSERT INTO REGISTRATION_TYPE(REGISTRATION_TYPE_CL, registration_type_cd, REGISTRATION_ACT, registration_desc)
  VALUES('CHANGE','ST','PPSA SECURITY ACT','SECURED PARTY TRANSFER');
INSERT INTO REGISTRATION_TYPE(REGISTRATION_TYPE_CL, registration_type_cd, REGISTRATION_ACT, registration_desc)
  VALUES('CHANGE','SU','PPSA SECURITY ACT','SUBSTITUTION OF COLLATERAL');
INSERT INTO REGISTRATION_TYPE(REGISTRATION_TYPE_CL, registration_type_cd, REGISTRATION_ACT, registration_desc)
  VALUES('RENEWAL','RE','PPSA SECURITY ACT','RENEWAL');
INSERT INTO REGISTRATION_TYPE(REGISTRATION_TYPE_CL, registration_type_cd, REGISTRATION_ACT, registration_desc)
  VALUES('DISCHARGE','DC','PPSA SECURITY ACT','TOTAL DISCHARGE');

INSERT INTO REGISTRATION_TYPE(REGISTRATION_TYPE_CL, registration_type_cd, REGISTRATION_ACT, registration_desc)
  VALUES('MISCLIEN','WL','MISCELLANEOUS REGISTRATIONS ACT','LIEN FOR UNPAID WAGES');
INSERT INTO REGISTRATION_TYPE(REGISTRATION_TYPE_CL, registration_type_cd, REGISTRATION_ACT, registration_desc)
  VALUES('MISCLIEN','PN','MISCELLANEOUS REGISTRATIONS ACT','PROCEEDS OF CRIME NOTICE');
INSERT INTO REGISTRATION_TYPE(REGISTRATION_TYPE_CL, registration_type_cd, REGISTRATION_ACT, registration_desc)
  VALUES('MISCLIEN','HN','MISCELLANEOUS REGISTRATIONS ACT','HERITAGE CONSERVATION NOTICE');
-- Bob MH already used
INSERT INTO REGISTRATION_TYPE(REGISTRATION_TYPE_CL, registration_type_cd, REGISTRATION_ACT, registration_desc)
  VALUES('MISCLIEN','MN','MISCELLANEOUS REGISTRATIONS ACT','MANUFACTURED HOME NOTICE');
INSERT INTO REGISTRATION_TYPE(REGISTRATION_TYPE_CL, registration_type_cd, REGISTRATION_ACT, registration_desc)
  VALUES('MISCLIEN','ML','MISCELLANEOUS REGISTRATIONS ACT','MAINTENANCE LIEN');

INSERT INTO REGISTRATION_TYPE(REGISTRATION_TYPE_CL, registration_type_cd, REGISTRATION_ACT, registration_desc)
  VALUES('CROWNLIEN','SS','MISCELLANEOUS REGISTRATIONS ACT','CROWN CHARGE FILED PURSUANT TO SOCIAL SERVICE TAX');
INSERT INTO REGISTRATION_TYPE(REGISTRATION_TYPE_CL, registration_type_cd, REGISTRATION_ACT, registration_desc)
  VALUES('CROWNLIEN','FO','MISCELLANEOUS REGISTRATIONS ACT','CROWN CHARGE FILED PURSUANT TO FOREST ACT');
INSERT INTO REGISTRATION_TYPE(REGISTRATION_TYPE_CL, registration_type_cd, REGISTRATION_ACT, registration_desc)
  VALUES('CROWNLIEN','HR','MISCELLANEOUS REGISTRATIONS ACT','CROWN CHARGE FILED PURSUANT TO HOTEL ROOM TAX');
INSERT INTO REGISTRATION_TYPE(REGISTRATION_TYPE_CL, registration_type_cd, REGISTRATION_ACT, registration_desc)
  VALUES('CROWNLIEN','IP','MISCELLANEOUS REGISTRATIONS ACT','CROWN CHARGE FILED PURSUANT TO INSURANCE PREMIUM TAX');
INSERT INTO REGISTRATION_TYPE(REGISTRATION_TYPE_CL, registration_type_cd, REGISTRATION_ACT, registration_desc)
  VALUES('CROWNLIEN','LO','MISCELLANEOUS REGISTRATIONS ACT','CROWN CHARGE FILED PURSUANT TO LOGGING TAX');
INSERT INTO REGISTRATION_TYPE(REGISTRATION_TYPE_CL, registration_type_cd, REGISTRATION_ACT, registration_desc)
  VALUES('CROWNLIEN','MI','MISCELLANEOUS REGISTRATIONS ACT','CROWN CHARGE FILED PURSUANT TO MINING TAX');
INSERT INTO REGISTRATION_TYPE(REGISTRATION_TYPE_CL, registration_type_cd, REGISTRATION_ACT, registration_desc)
  VALUES('CROWNLIEN','MR','MISCELLANEOUS REGISTRATIONS ACT','CROWN CHARGE FILED PURSUANT TO MINERAL RESOURCE TAX');
INSERT INTO REGISTRATION_TYPE(REGISTRATION_TYPE_CL, registration_type_cd, REGISTRATION_ACT, registration_desc)
  VALUES('CROWNLIEN','CT','MISCELLANEOUS REGISTRATIONS ACT','CROWN CHARGE FILED PURSUANT TO CARBON TAX');
INSERT INTO REGISTRATION_TYPE(REGISTRATION_TYPE_CL, registration_type_cd, REGISTRATION_ACT, registration_desc)
  VALUES('CROWNLIEN','IT','MISCELLANEOUS REGISTRATIONS ACT','CROWN CHARGE FILED PURSUANT TO INCOME TAX');
INSERT INTO REGISTRATION_TYPE(REGISTRATION_TYPE_CL, registration_type_cd, REGISTRATION_ACT, registration_desc)
  VALUES('CROWNLIEN','PG','MISCELLANEOUS REGISTRATIONS ACT','CROWN CHARGE FILED PURSUANT TO PETROLEUM and NATURAL GAS TAX');
INSERT INTO REGISTRATION_TYPE(REGISTRATION_TYPE_CL, registration_type_cd, REGISTRATION_ACT, registration_desc)
  VALUES('CROWNLIEN','RA','MISCELLANEOUS REGISTRATIONS ACT','CROWN CHARGE FILED PURSUANT TO RURAL PROPERTY TAX');
INSERT INTO REGISTRATION_TYPE(REGISTRATION_TYPE_CL, registration_type_cd, REGISTRATION_ACT, registration_desc)
  VALUES('CROWNLIEN','FT','MISCELLANEOUS REGISTRATIONS ACT','CROWN CHARGE FILED PURSUANT TO MOTOR FUEL TAX');
INSERT INTO REGISTRATION_TYPE(REGISTRATION_TYPE_CL, registration_type_cd, REGISTRATION_ACT, registration_desc)
  VALUES('CROWNLIEN','CC','MISCELLANEOUS REGISTRATIONS ACT','CROWN CHARGE FILED PURSUANT TO CORPORATION CAPITAL TAX');
INSERT INTO REGISTRATION_TYPE(REGISTRATION_TYPE_CL, registration_type_cd, REGISTRATION_ACT, registration_desc)
  VALUES('CROWNLIEN','PS','MISCELLANEOUS REGISTRATIONS ACT','CROWN CHARGE FILED PURSUANT TO PROVINCIAL SALES TAX');
INSERT INTO REGISTRATION_TYPE(REGISTRATION_TYPE_CL, registration_type_cd, REGISTRATION_ACT, registration_desc)
  VALUES('CROWNLIEN','ET','MISCELLANEOUS REGISTRATIONS ACT','CROWN CHARGE FILED PURSUANT TO EXCISE TAX');
INSERT INTO REGISTRATION_TYPE(REGISTRATION_TYPE_CL, registration_type_cd, REGISTRATION_ACT, registration_desc)
  VALUES('CROWNLIEN','DP','MISCELLANEOUS REGISTRATIONS ACT','CROWN CHARGE FILED PURSUANT TO CONSUMPTION, TRANSITION TAX');
INSERT INTO REGISTRATION_TYPE(REGISTRATION_TYPE_CL, registration_type_cd, REGISTRATION_ACT, registration_desc)
  VALUES('CROWNLIEN','OT','MISCELLANEOUS REGISTRATIONS ACT','OTHER');
Insert into REGISTRATION_TYPE(REGISTRATION_TYPE_CL, REGISTRATION_TYPE_CD,REGISTRATION_ACT,REGISTRATION_DESC)
    Values('CROWNLIEN','TL','MISCELLANEOUS REGISTRATIONS ACT','TAX LIEN UNDER SOCIAL SERVICE OR HOTEL ROOM TAX ACTS');
Insert into REGISTRATION_TYPE(REGISTRATION_TYPE_CL, REGISTRATION_TYPE_CD,REGISTRATION_ACT,REGISTRATION_DESC)
    Values('PPSALIEN','TF','PPSA SECURITY ACT','PPSA TRANSITION FINANCING STATEMENT');


-- search types
INSERT INTO SEARCH_TYPE(search_type_cd, search_type_desc) VALUES('AC', 'AIRCRAFT AIRFRAME D.O.T. NUMBER');
INSERT INTO SEARCH_TYPE(search_type_cd, search_type_desc) VALUES('BS', 'BUSINESS DEBTOR NAME');
INSERT INTO SEARCH_TYPE(search_type_cd, search_type_desc) VALUES('IS', 'INDIVIDUAL DEBTOR NAME');
INSERT INTO SEARCH_TYPE(search_type_cd, search_type_desc) VALUES('MH', 'MANUFACTURED HOME REGISTRATION NUMBER');
INSERT INTO SEARCH_TYPE(search_type_cd, search_type_desc) VALUES('RG', 'REGISTRATION NUMBER');
INSERT INTO SEARCH_TYPE(search_type_cd, search_type_desc) VALUES('SS', 'SERIAL NUMBER SEARCH');

-- Serial type codes
INSERT INTO SERIAL_TYPE(serial_type_cd, serial_type_desc) VALUES('AC', 'AIRCRAFT');
INSERT INTO SERIAL_TYPE(serial_type_cd, serial_type_desc) VALUES('AF', 'AIRCRAFT AIRFRAME');
INSERT INTO SERIAL_TYPE(serial_type_cd, serial_type_desc) VALUES('AP', 'AIRPLANE');
INSERT INTO SERIAL_TYPE(serial_type_cd, serial_type_desc) VALUES('BO', 'BOAT');
INSERT INTO SERIAL_TYPE(serial_type_cd, serial_type_desc) VALUES('EV', 'ELECTRIC MOTOR VEHICLE');
INSERT INTO SERIAL_TYPE(serial_type_cd, serial_type_desc) VALUES('MH', 'MANUFACTURED HOME');
INSERT INTO SERIAL_TYPE(serial_type_cd, serial_type_desc) VALUES('MV', 'MOTOR VEHICLE');
INSERT INTO SERIAL_TYPE(serial_type_cd, serial_type_desc) VALUES('OB', 'OUTBOARD BOAT MOTOR');
INSERT INTO SERIAL_TYPE(serial_type_cd, serial_type_desc) VALUES('TR', 'TRAILER');

-- State type codes
INSERT INTO STATE_TYPE(state_type_cd, state_type_desc) VALUES('ACT', 'Active');
Insert into STATE_TYPE(STATE_TYPE_CD,STATE_TYPE_DESC) Values('HEX','REGISTRATION HAS EXPIRED');
Insert into STATE_TYPE(STATE_TYPE_CD,STATE_TYPE_DESC) Values('HDC','REGISTRATION DISCHARGED');
